boxes,scores,labels
"[347.51116943359375, 968.0908813476562, 482.1791687011719, 1318.150146484375]",0.9645125865936279,person
